{"type": "lognormal", "mu": -0.117449957942055, "sigma": 0.32672303545527004}